{
    "rmse": 6243.281365518592,
    "mae": 3151.846121350486,
    "r2": 0.8294943522573062
}