{
    "rmse": 6262.197743891058,
    "mae": 3221.451136307391,
    "r2": 0.8284595645022462
}